ÉtÉ@ÉCÉãñº,ç∂è„x,ç∂è„y,ç∂â∫x,ç∂â∫y,âEè„x,âEè„y,âEâ∫x,âEâ∫y,â~ç∂è„x,â~ç∂è„y,â~ç∂â∫x,â~ç∂â∫y,â~âEè„x,â~âEè„y,â~âEâ∫x,â~âEâ∫y
0619-25-1-1-C.JPG,832,208,901,3501,4150,227,4115,3474,1482,1679,1334,2019,3808,1893,3890,2358
0619-25-1-2-C.JPG,983,326,947,3380,4019,353,4013,3400,2301,712,2493,3243,2727,786,2694,3093
0619-25-2-6-C.JPG,794,381,809,3305,3626,366,3736,3203,1176,1196,1090,1621,3350,1126,3464,1586
0619-25-3-6-C.JPG,1134,246,994,3315,4095,402,4049,3375,2249,578,2109,3112,2684,657,2611,3019
0619-25-4-2-C.JPG,953,557,1005,3129,3494,514,3570,3043,1322,1705,1195,2040,3183,1700,3315,2081
0619-30-5-6-C.JPG,1093,391,1114,3206,3822,452,3828,3117,1360,1535,1324,1911,3498,1451,3588,1843
0619-30-6-6-C.JPG,1027,287,1079,3175,3943,244,4124,3011,3564,1082,3602,1169,3632,1263,3657,1352
0619-30-7-1-C.JPG,1379,395,1449,2902,3822,362,3931,2791,1628,1550,1675,1825,3641,1280,3657,1657
0619-30-8-6-C.JPG,1215,629,1247,3027,3559,636,3609,2943,1424,1752,1397,2051,3301,1650,3308,1924
0620-25-8-C.JPG,1290,308,1290,2741,3725,317,3713,2735,1621,1459,1670,1726,3398,1471,3392,1725
0620-25-7-C.JPG,1121,331,1177,2620,3414,284,3462,2571,1432,1436,1459,1661,3256,1226,3252,1556
0620-25-6-C.JPG,1265,544,1349,2898,3620,490,3671,2808,1581,1309,1540,1599,3385,1165,3443,1405
0620-25-5-C.JPG,1321,273,1286,2531,3573,368,3489,2566,1481,1534,1528,1816,3275,1531,3224,1789
0620-30-4-C.JPG,1351,503,1358,2851,3649,516,3688,2795,1610,1509,1597,1836,3430,1444,3457,1696
0620-30-3-C.JPG,1486,384,1547,2783,3867,360,3911,2713,1714,1361,1746,1677,3608,1319,3643,1554
0620-30-2-C.JPG,1289,507,1309,2909,3660,492,3710,2853,1587,1770,1654,2113,3512,1694,3488,1955
0620-30-1-C.JPG,1506,868,1470,3121,3722,843,3789,3121,1717,1875,1710,2136,3553,1870,3543,2162
0622-25-1-5-C.JPG,1008,558,978,3405,3830,553,3868,3402,1315,1750,1256,2069,3518,1736,3584,2078
0622-25-2-1-C.JPG,879,251,884,3262,3880,251,3890,3242,1475,1792,1306,2180,3443,1731,3615,2153
0622-30-3-4-C.JPG,1130,423,1046,3240,3863,495,3885,3230,1438,1859,1435,2284,3683,1790,3711,2197
0622-30-4-4-C.JPG,1048,305,1048,3027,3734,349,3738,2993,1258,1645,1315,1988,3524,1556,3472,1910
0622-30-5-3-C.JPG,869,303,834,3337,3853,308,3907,3310,1090,1994,1051,2408,3568,1899,3641,2330
0622-30-6-2-C.JPG,942,553,887,3435,3758,610,3769,3416,1199,1852,1202,2100,3578,1868,3544,2226
0622-30-7-5-C.JPG,1130,296,1031,2834,3599,438,3549,2864,1285,1616,1303,1925,3363,1540,3343,1922
0622-30-8-5-C.JPG,789,123,780,3337,4005,189,3939,3350,1124,1670,1098,1973,3736,1562,3787,1881
0623-25-7-6-C.JPG,1364,465,1350,3075,3886,539,3896,3013,1628,1635,1597,1928,3646,1551,3686,1923
0623-25-8-2-C.JPG,792,457,883,3301,3618,416,3686,3192,1093,1736,1127,2078,3348,1589,3331,1940
0623-35-1-3-C.JPG,1086,677,1086,3198,3604,666,3614,3190,1298,1987,1375,2326,3439,1875,3394,2172
0623-35-2-3-C.JPG,1330,765,1388,2730,3278,683,3380,2648,1587,1355,1531,1627,3093,1274,3191,1539
0623-35-3-3-C.JPG,1484,618,1498,3046,3855,613,3919,2974,1748,1867,1820,2168,3743,1744,3695,2085
0623-35-4-3-C.JPG,1268,328,1229,2920,3880,341,3840,2977,1511,1536,1462,1696,3590,1452,3644,1812
0623-35-5-1-C.JPG,1309,494,1243,2964,3781,510,3771,3015,1504,1637,1526,1976,3612,1582,3563,1909
0623-35-6-4-C.JPG,951,459,951,3095,3557,441,3613,3056,1235,1786,1200,2145,3371,1745,3360,2012
0623-35-7-4-C.JPG,1068,664,1020,3157,3532,636,3579,3170,1279,1614,1265,1951,3355,1606,3347,2027
0623-35-8-4-C.JPG,913,275,961,2670,3284,211,3372,2584,1161,1545,1197,1742,3153,1472,3093,1771
0624-25-3-C.JPG,1287,498,1299,2982,3711,444,3834,2910,1590,1598,1606,1918,3610,1600,3598,1908
0624-25-4-C.JPG,1920,408,2054,2640,4126,310,4204,2484,2367,1263,2271,1549,3931,1275,4014,1552
0624-25-5-C.JPG,978,598,974,3182,3600,600,3568,3230,1323,1828,1294,2194,3417,1891,3430,2233
0624-25-6-C.JPG,1630,610,1776,2866,3842,522,3946,2688,1773,1870,1818,2036,3578,1699,3587,1884
0624-30-1-C.JPG,1047,447,984,3102,3732,492,3660,3198,1295,1684,1349,1918,3553,1793,3468,2018
0624-30-2-C.JPG,1066,346,1054,2962,3718,397,3630,3019,1450,1577,1342,1907,3395,1604,3504,1910
0624-35-1-C.JPG,1150,488,1130,2978,3694,496,3624,3062,1422,1687,1479,1998,3508,1724,3450,1976
0624-35-2-C.JPG,765,255,780,3249,3771,186,3810,3249,1033,1497,1209,1932,3585,1335,3471,1845
0624-35-3-C.JPG,926,192,980,3342,4046,206,4058,3272,1122,1515,1198,1840,3771,1515,3697,1878
0624-35-4-C.JPG,1599,804,1716,3498,4323,693,4395,3387,2091,1980,2002,2418,4227,2193,4257,2553
0624-35-5-C.JPG,1072,508,1058,3096,3630,540,3630,3078,1410,1564,1318,1827,3297,1609,3429,1956
0624-35-6-C.JPG,1239,285,1215,3312,4254,306,4234,3318,1530,1609,1492,1960,4014,1797,4036,2041
0624-35-7-C.JPG,1071,351,1134,3177,3906,318,3930,3123,1334,1572,1340,1952,3656,1514,3698,1884
0624-35-8-C.JPG,1086,423,1068,3096,3774,414,3759,3132,1305,1614,1411,1884,3526,1525,3480,1725
0702-1-C.JPG,750,212,732,3288,3776,282,3754,3258,1245,1999,1158,2439,3564,1963,3633,2359
0702-2-1-C.JPG,1216,156,1256,3172,4264,184,4180,3164,1448,1676,1412,2318,3748,1626,3824,2046
0702-3-C.JPG,956,190,990,3434,4198,170,4218,3398,1214,2150,1218,2662,3814,2102,3880,2600
0702-4-C.JPG,918,135,927,3324,4122,186,4048,3320,1353,1812,1362,2355,3858,1803,3882,2272
0702-2-2-C.JPG,915,234,876,3375,4077,336,3966,3429,1224,2252,1258,2762,3752,2108,3646,2722
0703-5-C.JPG,1365,738,1286,2836,3428,766,3436,2866,1504,1558,1488,1958,3150,1618,3146,1988
0703-6-C.JPG,1221,588,1221,2790,3399,579,3435,2760,1456,1626,1426,1972,3166,1624,3228,1940
0703-7-C.JPG,1508,212,1200,2948,3732,480,3756,2944,1388,1596,1466,2002,3498,1500,3502,1924
0703-8-C.JPG,1224,488,1116,3112,3748,552,3804,3104,1462,1576,1412,1892,3516,1641,3582,1975
0717-30-1-1.JPG,1713,1383,1698,3249,3615,1416,3562,3284,1876,1984,1813,2307,3390,1975,3419,2325
0717-30-2-1.JPG,1419,1014,1501,3274,3753,996,3712,3228,1746,2109,1702,2380,3567,2043,3606,2220
0717-30-3-1.JPG,1593,813,1599,3312,4128,858,4041,3309,1768,1988,1790,2322,3862,1802,3876,2224
0717-30-4-1.JPG,1215,798,1374,3387,3978,759,3882,3339,1572,1580,1472,2094,3616,1526,3692,2016
0717-35-5-1.JPG,1424,946,1440,3196,3762,996,3644,3240,1640,1762,1608,2248,3506,1780,3522,2236
0717-35-6-1.JPG,1167,897,1269,3402,3828,894,3726,3408,1462,1712,1400,2132,3534,1772,3586,2172
0717-35-7-1.JPG,1372,924,1476,3384,3951,918,3855,3321,1716,1842,1704,2232,3744,1756,3800,2194
0717-35-8-1.JPG,1428,1293,1524,3426,3738,1290,3639,3447,1669,2110,1585,2530,3426,2202,3460,2593
0718-30-8-2.JPG,1028,408,980,3468,4016,448,4060,3452,1302,1674,1245,2190,3783,1701,3768,1680
0718-30-7-2.JPG,1266,531,1257,3036,3786,510,3798,3057,1434,1498,1508,1978,3546,1466,3520,1904
0718-30-6-2.JPG,1124,432,1060,3172,3792,472,3828,3168,1348,1638,1424,2078,3662,1580,3616,2040
0718-30-5-2.JPG,999,423,900,3216,3687,498,3735,3201,1326,1356,1290,1851,3558,1365,3576,1863
0718-35-4-2.JPG,1062,423,996,3015,3573,519,3573,2997,1194,1654,1208,2100,3292,1632,3308,2074
0718-35-3-2.JPG,1035,342,972,3126,3771,345,3834,3129,1275,1566,1203,2064,3453,1452,3567,1962
0718-35-2-2.JPG,957,440,946,3355,3817,456,3877,3316,1149,1728,1146,2262,3504,1635,3546,2136
0719-30-1-3.JPG,1218,837,1212,3045,3447,843,3426,3075,1443,1760,1440,2090,3230,1896,3189,2133
0719-30-2-3.JPG,1208,1034,1252,3240,3454,1020,3446,3228,1368,2385,1436,2678,3180,2229,3116,2646
0719-30-3-3.JPG,1488,1005,1410,3183,3633,1068,3591,3222,1726,1754,1632,2211,3440,1864,3476,2283
0719-30-4-3.JPG,1335,978,1365,3213,3534,912,3627,3138,1550,1821,1486,2198,3285,1770,3381,2178
0719-35-5-3.JPG,1095,567,1041,3393,3891,600,3885,3408,1346,1622,1268,2018,3564,1666,3666,2118
0719-35-6-3.JPG,1359,1048,1370,3174,3450,1028,3501,3126,1654,1977,1520,2348,3141,1960,3273,2278
0719-35-7-3.JPG,1404,858,1476,3124,3650,776,3754,3032,1580,1916,1570,2264,3460,1884,3452,2319
0719-35-8-3.JPG,1254,561,1305,3243,3891,489,4014,3147,1476,1762,1428,2160,3660,1730,3730,2115
0719-35-1-2.JPG,1250,786,1240,3194,3620,792,3650,3164,1334,1942,1377,2331,3382,2000,3369,2222
0720-30-8-4.JPG,1134,687,1083,3126,3528,681,3576,3126,1314,1896,1287,2283,3332,1820,3392,2210
0720-30-7-4.JPG,1209,753,1170,3492,3876,714,3996,3465,1486,1868,1398,2440,3676,1846,3762,2342
0720-30-6-4.JPG,1038,471,945,3294,3762,501,3852,3276,1318,1744,1266,2250,3592,1688,3644,2142
0720-30-5-4.JPG,1383,792,1362,3120,3681,762,3747,3108,1576,1850,1575,2222,3489,1678,3538,2109
0720-35-4-4.JPG,963,348,909,3381,3954,324,4035,3378,1166,1610,1122,2144,3660,1630,3686,2102
0720-35-3-4.JPG,1274,604,1170,3126,3738,682,3730,3170,1434,1588,1378,2146,3440,1664,3488,2110
0720-35-2-4.JPG,1398,756,1335,3108,3681,765,3747,3105,1602,1750,1556,2296,3480,1796,3528,2206
0720-35-1-4.JPG,1382,820,1372,2846,3380,814,3414,2824,1588,1731,1604,2096,3258,1696,3250,2086
0721-1.JPG,816,288,830,2368,2894,254,2908,2346,969,1180,1124,1514,2637,1116,2438,1533
0721-2.JPG,848,244,838,2362,2870,252,2952,2290,1699,450,1605,2158,2082,436,2041,2109
0721-3.JPG,764,126,788,2364,2990,72,3046,2308,1020,970,1096,1521,2836,873,2854,1376
0721-4.JPG,462,345,450,2268,2409,324,2388,2310,1100,444,1475,712,1498,450,1442,2002
0724-chibyo-1.JPG,909,417,927,3261,3783,372,3786,3285,2085,654,2180,3046,2712,686,2804,3010
0724-chibyo-2.JPG,390,996,447,3714,3003,1002,3120,3570,1248,1350,1360,3332,1830,1152,1918,3440
0724-chibyo-3.JPG,1412,790,1428,3018,3604,782,3648,2968,1718,1440,1678,2056,3458,1484,3496,1884
0724-seibyo-1.JPG,836,412,946,3074,3598,294,3622,3092,1857,633,1806,2847,2451,632,2458,2854
0724-seibyo-2.JPG,1392,582,1365,3471,4296,588,4266,3510,1706,1704,1672,2336,4052,1734,4062,2354
0724-seibyo-3.JPG,1137,420,1233,2991,3651,366,3765,2859,1386,1173,1329,1746,3294,984,3501,1632
0812-30-1-1-n.JPG,640,308,724,3728,4036,280,4044,3628,1764,468,2019,3228,2595,387,2817,3212
0812-30-1-2-n.JPG,754,275,803,3597,4059,280,4076,3514,1014,1794,942,2530,3662,1848,3728,2484
0813-30-2-1-n.JPG,693,357,732,3534,3867,336,3897,3489,2170,675,2144,3206,2934,646,3036,3246
0813-30-2-2-n.JPG,920,330,806,3262,3828,366,3814,3350,1149,1156,1041,1653,3422,1158,3550,1806
0813-30-3-1-n.JPG,708,548,585,3526,3543,622,3602,3483,933,1564,897,2052,3324,1635,3302,2226
0813-30-3-2-n.JPG,1203,228,1236,3372,4494,198,4374,3462,1410,1700,1418,2182,4078,1642,4092,2304
0813-30-4-1-n.JPG,1017,405,1035,3456,4179,270,4215,3558,2474,720,2496,3216,2754,652,3218,3306
0813-30-4-2-n.JPG,1076,92,920,3264,4056,260,4100,3252,2048,538,2004,2894,2672,386,2576,3010
0818-30-5-1-n.JPG,1386,441,1359,3060,3981,450,3999,3060,1696,1278,1564,1780,3686,1248,3718,1864
0818-30-5-2-n.JPG,1440,918,1287,3255,3747,978,3723,3387,1684,1740,1618,2193,3560,1714,3603,2150
0818-30-7-1-n.JPG,1287,501,1194,3375,4062,615,4038,3384,2404,804,2464,3142,2998,807,2992,3138
0818-30-7-2-n.JPG,832,228,936,3504,4136,208,4128,3428,2296,525,2235,3142,2918,526,2982,3147
0819-30-6-1-n.JPG,1376,640,1200,3536,4164,916,3944,3596,1762,1522,1502,2240,3748,1698,3878,2282
0819-30AQ-6-2-n.JPG,1755,303,1593,2958,4515,417,4299,3198,1934,1533,1912,1880,4191,1570,4156,1964
0819-30AQ-8-1-n.JPG,1602,381,1557,2814,3969,474,3948,2817,1908,1148,1826,1740,3750,1192,3836,1730
0819-30-8-2-n.JPG,1278,123,1140,3192,4320,201,4287,3306,1497,1407,1476,1965,4011,1470,4020,2121
0820-AQ-1-n.JPG,1647,345,1512,3166,4466,434,4394,3296,1826,1382,1764,1934,4136,1599,4076,2220
0820-AQ-2-n.JPG,1316,462,892,2906,3526,892,3372,3118,2345,826,2114,2675,2886,931,2656,2784
0820-AQ-3-n.JPG,422,1004,213,4096,3546,1214,3316,4340,2284,1564,2138,4137,2978,1698,2748,4126
0820-AQ-4-n.JPG,1240,602,1190,3330,3954,576,3998,3369,2020,874,1994,3026,2512,820,2521,3137
0820-AQ-5-n.JPG,1008,208,915,3435,4306,314,4142,3591,1226,1672,1222,2422,3892,1170,3862,2408
0820-AQ-7-n.JPG,684,262,664,3212,3606,278,3620,3194,1740,596,1848,2890,2550,538,2602,2928









